,ID,USERNAME,DATE,CONTENT
0,163,nayxqn,2019-08-25 02:29:10,Cadê o Limeira esse corno
1,164,loisaaa_f,2019-08-25 02:27:39,@malu_limeira boa maluzao
2,165,ImagiNacena,2019-08-25 02:27:07,"Meu workday, minha turma! Cast, teste e set.. com participação da atriz @mayaramagri que deu um super toque especia… https://t.co/qGEuC9QOUQ"
3,166,malu_limeira,2019-08-25 02:24:38,@loisaaa_f bichão tá todo lascado amiga
4,167,loisaaa_f,2019-08-25 02:21:40,@malu_limeira fia eu achei seu celular na grama
5,168,malu_limeira,2019-08-25 02:20:31,"arrebentei a tela do meu celular, maravilha"
6,169,DuDanilo,2019-08-25 02:14:02,@Sukevicius_ Aqui em Limeira nunca parou de vender desde o natal passado. O povo aqui é doido.
7,170,malu_limeira,2019-08-25 02:04:17,dor de cabeça da porraaaa
8,171,Ceclio16,2019-08-25 02:03:59,"RT @N_Carvalheira: Pecaminosos esquemas de corrupção estão em curso nas dioceses católicas de Limeira e Piracicaba, porção mais próspera do…"
9,172,saah_limeira,2019-08-25 02:01:34,"RT @LucasFilmes: O remake de BRINQUEDO ASSASSINO faz uma coisa raríssima: supera (com gosto) o original, e é facilmente o melhor filme da f…"
10,173,saah_limeira,2019-08-25 02:01:13,RT @luscas: ultimamente so tenho visto as pessoas debochar da aparência do novo brinquedo assassino tadico gente olha esse zoiao azul essa…
11,174,lisatrindade_,2019-08-25 02:01:05,será se vale a pena ir no rodeio de limeira?
12,175,Ieozinn,2019-08-25 01:29:17,leo de onde vc é — limeira sp https://t.co/Ymarq8T2xk
13,176,gabrielleleitej,2019-08-25 01:25:51,Gente eu nem sabia q tinha parque em limeira
14,177,__taticarvalho,2019-08-25 01:17:43,"RT @Dudu_Olivier: Antes de assumir o comando técnico da Inter de Limeira em 2020, o ex-jogador Elano iniciou um período de estágio com Fábi…"
15,178,malu_limeira,2019-08-25 01:07:00,o tanto q eu dancei com o Sérgio KKKKKKKKKJ
16,179,marcela_limeira,2019-08-25 00:55:45,Coloquei uma play list bem animada pra ver se a tristeza diminui. Pq hj eu acordei parecendo que tem um buraco no m… https://t.co/lOYY4nxtma
17,180,Robertls07,2019-08-25 00:54:35,"RT @Dudu_Olivier: Antes de assumir o comando técnico da Inter de Limeira em 2020, o ex-jogador Elano iniciou um período de estágio com Fábi…"
18,181,Dudu_Olivier,2019-08-25 00:43:59,"Antes de assumir o comando técnico da Inter de Limeira em 2020, o ex-jogador Elano iniciou um período de estágio co… https://t.co/EHJFi8dFiH"
19,182,ingridgdias,2019-08-25 00:39:00,#tbt desse dia que foi incrível...#limeira #laguinho #todecacho #onduladas2abc #ondasdeamor #assembleianas https://t.co/uYOZ0PneSB
20,183,ingridgdias,2019-08-25 00:35:02,Esmalte do dia..#unhabonita #limeira #esmaltedodia #risque https://t.co/1RncGFRSPj
21,184,RalfSilva22,2019-08-25 00:32:56,"Justa homenagem da Acil Limeira ao deputado federal Miguel Lombardi.

Nestes dez anos de caminhada tenho aprendido… https://t.co/hd5mNC8nwN"
22,185,malu_limeira,2019-08-25 00:30:53,role foi bom dmsssss
23,186,AlexPontaGross1,2019-08-25 00:18:54,"Grande amigo!!!

Observação*   ''OperárioPR é tradição'' 

Inter de Limeira é meia boca! kkkk https://t.co/IcNiCPvR4w"
24,187,Cleynasci,2019-08-25 00:15:58,"@carolinediste12 HAHAHAHA queria :(

Primeira cerimônia em quase 4 mêses que não vou, tô em Limeira"
25,188,limeira_jao,2019-08-25 00:15:48,@mclarinha0 poxa
26,189,Fellype_Limeira,2019-08-25 00:12:30,Coisas da vida a minha ex quer virar a minha amiga
27,190,Fellype_Limeira,2019-08-25 00:12:04,RT @Pri_CRVG: VASCO! https://t.co/5a4OHf40zp
28,191,PiiiiiiiJean,2019-08-25 00:12:04,"@MenegucciThais Limeira SP
1 panelaco o gato derrubou do fogão kkkkk"
29,192,Fellype_Limeira,2019-08-25 00:11:44,"Vai sentando outra vez, vem sentando outra vez pqp mais uma vez comi minha ex"
30,193,santosnay21,2019-08-24 23:43:17,"RT @christiaanfranc: Namorar em Limeira é ter todo mundo gorando e se intrometendo pra q o bagulho nunca de certo, cidadezinha lazarenta"
31,194,Reinaldo68sp,2019-08-24 23:42:47,"@PortaldaMooca Vcs pegaram essa informação no Blog do Moleque e está errada,o grupo é formado por Juventus, Comerci… https://t.co/ssIz5AdcqP"
32,195,Fellype_Limeira,2019-08-24 23:42:15,RT @2DConca: Mulher com ciúmes é mais ignorante que cintura de bandido kkk
33,196,xandeaguiar,2019-08-24 23:41:41,Festa! Viva a vida! em Hípica De Limeira https://t.co/x4anJHo5rJ
34,197,seemarine_,2019-08-24 23:39:03,hoje eu tô a mulher mais bonita de limeira e região https://t.co/tJIY9C0d7O
35,198,DaniloORei,2019-08-24 23:37:18,"vim do sao crica pro Limeira e esquecer o controle do ps4, pra que melhor"
36,199,Billzer0,2019-08-24 23:35:37,@pedroofish Vo passar e aproveitar pra morar em limeira
37,200,Mateus1985,2019-08-24 23:29:07,Sempre bom ver @hugobotelho67 e @ubiraleal na mesma transmissão. Limeira/sp está de olho na #MLSnaESPN
38,201,gremiogaucho3,2019-08-24 23:26:21,"Pela #Copapaulista, Inter dew Limeira e Velo Clube empataram em 101."
39,202,craazy_mii,2019-08-24 23:19:31,devia ter ido passar o fds c os meninos em limeira
40,203,lucashereman,2019-08-24 23:14:20,@nandoviana Pq vc não veio pra Limeira ainda !!!
41,204,catharinazpp,2019-08-24 23:14:16,"@aamanda_luz Grupo de São crica, Limeira e Santa Rosa KKKKKKKKKKKKK"
42,205,fabioredacao,2019-08-24 23:11:30,"Grupo 7 - Juventus, Comercial, Inter de Limeira e Santo André... ai, ai, ai.. Hérin Okano ! https://t.co/E3XvoBsgZ3"
43,206,lopesnihh,2019-08-24 22:58:36,o dia que a taina costa vir p limeira eu vou ter que subir no palco p dançar kkkkkkkkkkkkk
44,207,JuliaV1eira,2019-08-24 22:57:54,"Só queria poder fazer um Lomotif mostrando todas as viagens q eu já fiz 

tipo igual os rico faz 

Mas acho q conchal e Limeira n conta"
45,208,nayara_limeira,2019-08-24 22:56:28,RT @sgnSagitario: #Sagitário Me apaixonei por você antes mesmo de te beijar.
46,209,JornalSegunda,2019-08-24 22:37:12,Assisense é derrotado em Limeira https://t.co/qj6sLrrgdv https://t.co/S8iZROecfc
47,210,Danilo66092831,2019-08-24 22:30:47,@DataPorco @_paulovictorrb Henrique participou do jg treino contra inter de limeira jogou normalmente
48,211,mexidodeovo,2019-08-24 22:26:42,"Se você mora em limeira e curiosamente está lendo esse tweet e por mais coincidência ainda tu fuma um, me chama col… https://t.co/chAkzH21Dl"
49,212,CunnhaGui,2019-08-24 22:11:37,Marquei Limeira inteira no sorteio da NYL e não ganhei https://t.co/2TwVTGUrIN
50,213,a_hebling,2019-08-24 21:59:06,"@joaowoigt @PauloSilasdoAm1 Porque de fim de semana você vai pra limeira

Next"
51,214,Arivelton13,2019-08-24 21:51:05,"#Repost unikafolheados
• • • • • •
Agradecemos a presença de todos em nossa Reinauguração. Em especial a Cantora Jo… https://t.co/1LO43op7mb"
52,215,Arivelton13,2019-08-24 21:49:30,"#Repost unikafolheados
• • • • • •
Ao dividirmos o trabalho multiplicamos a possibilidade de triunfo. Essa conquist… https://t.co/sWszdfp0Iv"
53,216,Arivelton13,2019-08-24 21:48:06,"#Repost unikafolheados
• • • • • •
Reinauguração Unika Prata e Folheados. Com presença Vip da Cantora Joelma em Lim… https://t.co/lWzrgNdw65"
54,217,Arivelton13,2019-08-24 21:47:12,"#Repost unikaprata
• • • • • •
Agradecemos a presença de todos em nossa Reinauguração. Em especial a Cantora Joelma… https://t.co/gCk9udgLjB"
55,218,Arivelton13,2019-08-24 21:46:13,"#Repost unikaprata
• • • • • •
Ao dividirmos o trabalho multiplicamos a possibilidade de triunfo. Essa conquista é… https://t.co/aANlPd6vM9"
56,219,Arivelton13,2019-08-24 21:45:18,"#Repost unikaprata
• • • • • •
Reinauguração Unika Prata e Folheados. Com presença Vip da Cantora Joelma em Limeira… https://t.co/4FBjgFYepJ"
57,220,futebolinterior,2019-08-24 21:40:00,"Inter de Limeira 1 x 1 Velo Clube - Galo Vermelho tenta, mas dá adeus a Copa Paulista

https://t.co/ysQ4AnrTXu"
58,221,fatv,2019-08-24 21:31:43,RT @FbioMartins1: @FPF_Oficial @SPfutdepre @oficialjuventus @Lusa_Oficial @desportivobr @Corinthians @ectaubate @NacionalSP1919 @fatv @revi…
59,222,fatv,2019-08-24 21:31:22,RT @FbioMartins1: @FPF_Oficial @SPfutdepre @oficialjuventus @Lusa_Oficial @desportivobr @Corinthians @ectaubate @NacionalSP1919 @fatv @revi…
60,223,paulo12041,2019-08-24 21:24:39,@MenegucciThais Limeira -SP = 0
61,224,limeira_gabi8,2019-08-24 21:17:19,Deixar o orgulho de lado e resolver as coisas é melhor do que eu pensava
62,225,limeira_gabi8,2019-08-24 21:12:20,@isahgomesz132 Amigaxxx é pra isso não é mesmo
63,226,ro_santana21,2019-08-24 21:11:39,RT @FbioMartins1: @FPF_Oficial @SPfutdepre @oficialjuventus @Lusa_Oficial @desportivobr @Corinthians @ectaubate @NacionalSP1919 @fatv @revi…
64,227,DeOriguela,2019-08-24 21:07:43,"@carolaf88 @tesoureirosdoJB Aliás, se for o XV de Piracicaba x Inter de Limeira a galera se perde"
65,228,MainPudim,2019-08-24 21:04:52,"Impresso feito para @ieqlimeira 
.
.
.
#print #design #voluntarios #galeriacatalini #limeira #illustrator… https://t.co/d0CPBDccGL"
66,229,MilenaaBittenc1,2019-08-24 20:59:37,"Se fizer 'de férias com o ex' em limeira, as minas vão tudo sair na porrada, porque aqui todo mundo é ex de todo mundo"
67,230,juliozzcesar,2019-08-24 20:48:27,"algumas observações sobre os adversários do ramalhão:

juventus (héliton mandou abraço)
inter de limeira (meu vice)… https://t.co/Fef8dmhp0C"
68,231,erikcharless,2019-08-24 20:23:11,E assim vai.....#Sabadão em Jardim Alvorada Limeira - Sp https://t.co/KCwdoKRBRl
69,232,Gui_Souza92,2019-08-24 20:20:46,Até quando to em Limeira to trabalhando na tabacaria que é la em Rio Claro
70,233,SPfutdepre,2019-08-24 20:15:28,RT @FbioMartins1: @FPF_Oficial @SPfutdepre @oficialjuventus @Lusa_Oficial @desportivobr @Corinthians @ectaubate @NacionalSP1919 @fatv @revi…
71,234,FbioMartins1,2019-08-24 20:10:05,"O @oficialjuventus no grupo de Comercial, Inter de Limeira e Santo André, já quero saber o calendário e preparar pa… https://t.co/7uLjHLap3R"
72,235,Gabrieelaguiar1,2019-08-24 20:08:09,"Juventus 
Comercial 
Inter de Limeira 
Santo André"
73,236,ComercialFC,2019-08-24 20:07:45,"Comercial chega forte para a segunda fase da Copa Paulista e vai enfrentar no seu grupo as equipes do Juventus, Int… https://t.co/j7qkBl9VKH"
74,237,FbioMartins1,2019-08-24 20:07:35,@FPF_Oficial @SPfutdepre @oficialjuventus @Lusa_Oficial @desportivobr @Corinthians @ectaubate @NacionalSP1919 @fatv… https://t.co/XRkeY87N3M
75,238,FbioMartins1,2019-08-24 20:03:35,@FPF_Oficial @SPfutdepre @oficialjuventus @Lusa_Oficial @desportivobr @Corinthians @ectaubate @NacionalSP1919 @fatv… https://t.co/P3HoaIgRgK
76,239,iggorguedess,2019-08-24 19:48:54,@FantucciRaul Saiu de limeira é???
77,240,MarcosA26537132,2019-08-24 19:42:20,"#nascarfoxsports  manda um abraço pra nois q nois ta telinha vendo essa corridaça
Marcos e gisele de limeira https://t.co/8KJG1GOG3k"
78,241,ggivemetherapy,2019-08-24 19:34:33,@namifangirl limeira sp?
79,242,larissa_rubim,2019-08-24 19:26:24,qnd tiver tv no apto não volto mais p limeira
80,243,isadoraqueiro,2019-08-24 19:15:55,@DisseTeo Ela pelo menos e a que tem ciúme .não e que nem a Gabi brant se dúvida hoje vai ser traída Saulo tá no Pi… https://t.co/YmoWqv4uAZ
81,244,gabrielleleitej,2019-08-24 19:05:21,Essas mina de limeira não querem nada com nada — Oloco tem várias que querem https://t.co/VPyCqJriWi
82,245,Mariodaneula,2019-08-24 19:01:39,@UOLNoticias Errata: Da foia yes temos papel higiênico e vamos exportar para a Europa especialmente para França car… https://t.co/jGDdB0TLkU
83,246,pxxs97,2019-08-24 19:00:47,vontade de um milkshakezão do Bobs. Pena que o de Limeira fechou
84,247,LimeiraDia,2019-08-24 18:56:34,"Qual e o melhor bairro de Limeira 
é  o bairro x Pq? 

Quem discorda fala o motivo

QUE COMEÇA  A TRETA..."
85,248,Custodio_Laris,2019-08-24 18:46:44,@Fellype_Limeira Ta tudo pronto kkkkkkkkk
86,249,GuBelofardi,2019-08-24 18:40:52,Em Limeira pra comentar Inter de Limeira x Velo Clube pela última rodada da primeira fase da Copa Paulista… https://t.co/mike5xsP0i
87,250,cruzzgabi,2019-08-24 18:39:26,"minha paleta de sombra acabou de cair no chão e quebrou tudo, eu sou a pessoa mais triste de limeira e região agora"
88,251,Fellype_Limeira,2019-08-24 18:38:51,@Custodio_Laris Então vou de noite kkkkk
89,252,GabiMaciel_s2,2019-08-24 18:34:22,Se tem uma coisa que eu amo é ir no Atacadão de Limeira faze compras com a minha vó
90,253,LeandroLeite027,2019-08-24 18:19:29,"Gol do Velo Clube - Anderson Brito
Inter de Limeira 0x1 Velo Clube

Gol do Atibaia - Danilo Santana
Rio Claro 0x1 Atibaia
#CopaPaulista"
91,254,segatoisa,2019-08-24 18:13:25,nem precisa ser em cancún pode ser limeira mesmo https://t.co/taWXJb6Bw9
92,255,Fellype_Limeira,2019-08-24 18:06:17,"Ou seja, dois churrascos"
93,256,Fellype_Limeira,2019-08-24 18:04:29,@Custodio_Laris Eu vou chegar kkkaksksk
94,257,AndersonJamais,2019-08-24 17:59:07,@hheecckk Tá a onde na Limeira? Lkkkk
95,258,paulomorais_twi,2019-08-24 17:56:41,O Instituto Nesher está mobilizando 193 pessoas para doar sangue em Limeira até o dia 15/09 e eu apoio essa iniciat… https://t.co/u4cdzpxKb2
96,259,ClaudineiRSanto,2019-08-24 17:55:39,"Pecaminosos esquemas de corrupção estão em curso nas dioceses católicas de Limeira e Piracicaba, porção mais próspe… https://t.co/FSKWK9l5Qt"
97,260,giovannelopesz,2019-08-24 17:43:04,"nunca fui no park daq de limeira, mo park bosta"
98,261,Bortolan,2019-08-24 17:42:47,"INTER DE LIMEIRA X Velo Clube, Copa Paulista 

Deixe seu recado com nome, bairro e cidade. COMPARTILHE e CONCORRA a… https://t.co/tMkR0fsz8C"
99,262,DrmRodrigo,2019-08-24 17:36:24,@nathan_limeira provável que sim!
100,263,pitycampopiano,2019-08-24 17:27:17,@madceciii @luscas @McDonalds_BR @BeaAmaral8 Qriaaa mas acho q vou pra limeira
101,264,Conceio16409620,2019-08-24 17:25:04,"RT @Renatinha1108: Bom dia amadas(os)!Alô galerinha do bem estamos na contagem regressiva,chegou a sua vez na sua cidade Limeira/SP dia 25/…"
102,265,mais1bento,2019-08-24 17:24:16,The best of @ Parque Cidade de Limeira https://t.co/HFcEaLK38s
103,266,DrmRodrigo,2019-08-24 17:21:59,@nathan_limeira e quem nem ta a sua volta ta torcendo por vc!
104,267,carolinersants_,2019-08-24 17:16:59,"@GachetMarianna tem alguma guria de limeira q esse trambolho já nao tenha tentado puxar assunto?
escroto dms pqp"
105,268,carolinersants_,2019-08-24 17:15:54,RT @GachetMarianna: Nossa esse cara ainda existe ??? KKKKK acho q ele é um dos machos mais escrotos de limeira since smp https://t.co/szmEl…
106,269,FPF_Oficial,2019-08-24 17:15:00,Inter de Limeira e Velo Clube entram em campo neste sábado (24) para realizar o confronto da décima rodada da Copa… https://t.co/4O79zGSsvU
107,270,bonidificil,2019-08-24 17:09:57,RT @Ummsonhoo: Acho que sou a unica pessoa de Limeira que não ta com um pingo de vontade de ir pro park
108,271,RibamarRibeiro,2019-08-24 17:08:18,Pé na estrada para Limeira - São Paulo para apresentação do espetáculo Avesso no Festival Nacional de Teatro de Lim… https://t.co/22By59XhpL
109,272,acmalutta,2019-08-24 17:07:59,"@mazini_carlos Mais colocar o que?? Se não teve nada?? Limeira SP
#caçarolinha"
110,273,JhoowMartiins,2019-08-24 17:03:23,"RT @boskovani: Vários playboy pagando de bandido nessa limeira, chega a ser engraçado até"
111,274,hheecckk,2019-08-24 16:57:21,queria tá em casa dormindo mas to perdida pela limeira
112,275,limeira_jao,2019-08-24 16:53:46,L7NNON - Perdição
113,276,mexidodeovo,2019-08-24 16:50:46,Ao mesmo tempo que é bom ficar fds em limeira é meio solitário
114,277,Maximo_Juu,2019-08-24 16:50:04,Tô até vendo eu me mudar pra Limeira o deus
115,278,SB24Horas,2019-08-24 16:45:00,#sb24horas #sbo Definidas a rainha e as princesas do Rodeio de Limeira 2019 https://t.co/EWZY6rafdT
116,279,foderotismo,2019-08-24 16:34:45,"@jhuniorrrrrrr aí gabi, só quem viveu limeira sabe"
117,280,vitorbaitz,2019-08-24 16:26:33,RT @diiegogs019: Sou o unico d limeira q n vai na cume kkk
118,281,ChrissiaSa,2019-08-24 16:23:48,@Lu_Cito Kkkkkkk Limeira te espera
119,282,Juu_godoii,2019-08-24 16:19:20,não sei pq insisto em sair de limeira todo final de semana pra vim pra essa merda
120,283,laurahtinha,2019-08-24 16:13:19,@rafaelbicud00 opa kkkkkkkk adoro cps bem melhor que limeira
121,284,janacarlini,2019-08-24 16:12:46,Preguiça de ir até limeira ver o Gabriel
122,285,diiegogs019,2019-08-24 16:07:09,Sou o unico d limeira q n vai na cume kkk
123,286,Nathali66109643,2019-08-24 16:06:32,RT @Ummsonhoo: Acho que sou a unica pessoa de Limeira que não ta com um pingo de vontade de ir pro park
124,287,luacantarelli,2019-08-24 15:55:48,RT @GachetMarianna: Nossa esse cara ainda existe ??? KKKKK acho q ele é um dos machos mais escrotos de limeira since smp https://t.co/szmEl…
125,288,sahamiak,2019-08-24 15:54:15,"RT @gilsonmatos: @sahamiak Li sobre isso ontem...
Ranking do saneamento

1º - Franca (SP)
2º - Cascavel (PR)
3º - Uberlândia (MG)
4º - Vitó…"
126,289,visk_zacharias,2019-08-24 15:50:05,RT @GachetMarianna: Nossa esse cara ainda existe ??? KKKKK acho q ele é um dos machos mais escrotos de limeira since smp https://t.co/szmEl…
127,290,NitroNewsBrasil,2019-08-24 15:48:15,Como assistir Inter de Limeira x Velo Clube Futebol AO VIVO – Copa Paulista 2019 https://t.co/kDgbuLMiQa https://t.co/gXrSYIiH8Z
128,291,weallivingdead,2019-08-24 15:40:56,"eu acho um absurdo que of all people, o LIMEIRENSE não saiba fazer rotatória
sabe, em qualquer outro lugar do plane… https://t.co/pEvU4QnQs5"
129,292,BassoAdao,2019-08-24 15:37:43,Garotos de Programa Limeira - São Paulo https://t.co/7EfPlFQOC9
130,293,futebol_stats,2019-08-24 15:32:07,Como assistir Inter de Limeira x Velo Clube Futebol AO VIVO – Copa Paulista 2019 #futebol #futebolstatsdv sdv Acess… https://t.co/n1evTe5aq2
131,294,brunajacon,2019-08-24 15:31:46,"Nós trouxemos o bazar para a loja, venha conferir! Peças selecionadas de 10 a 60 reais!!! está imperdível! 

Ficamo… https://t.co/uNKLVNEaUy"
132,295,Jeejezinha,2019-08-24 15:29:41,RT @Ummsonhoo: Acho que sou a unica pessoa de Limeira que não ta com um pingo de vontade de ir pro park
133,296,Ummsonhoo,2019-08-24 15:29:08,Acho que sou a unica pessoa de Limeira que não ta com um pingo de vontade de ir pro park
134,297,Ummsonhoo,2019-08-24 15:28:33,@putsvitoria O park ja ta em Limeira?
135,298,ETS2RB,2019-08-24 15:26:45,Atualização em Progresso - Limeira/SP https://t.co/oW2gG9gtHZ via @YouTube
136,299,NotciasemGeral1,2019-08-24 15:23:29,Como assistir Inter de Limeira x Velo Clube Futebol AO VIVO – Copa Paulista 2019 #futebol #futebolstatsdv #sdv https://t.co/A7gEXY76Qa
137,300,jrcesar94,2019-08-24 15:19:39,Como assistir Inter de Limeira x Velo Clube Futebol AO VIVO – Copa Paulista 2019 https://t.co/YG1vQpUtAw
138,301,DSBONews,2019-08-24 15:19:29,Definidas a rainha e as princesas do Rodeio de Limeira 2019 https://t.co/t0PdxsZDqe https://t.co/QfTQBbhEIA
139,302,rescarollibruno,2019-08-24 15:19:26,Entao vamos dar um role na limeira
140,303,oDennisMoraes,2019-08-24 15:19:26,Definidas a rainha e as princesas do Rodeio de Limeira 2019 https://t.co/LChUE9Uvmv https://t.co/lkOhKdKVXi
141,304,mairascavacini,2019-08-24 15:19:24,Definidas a rainha e as princesas do Rodeio de Limeira 2019 https://t.co/vPzW23TE0y https://t.co/DaeSMBA0eC
142,305,opequenopassaro,2019-08-24 15:17:40,Quero so ver vomo vou pra limeira hj no aniversário da minha tia
143,306,EsportivaTabela,2019-08-24 15:15:46,Assistir Inter de Limeira x Velo Clube AO VIVO – Copa Paulista 2019 https://t.co/D6x6wz4eyY https://t.co/VUwXqrydBp
144,307,gilsonmatos,2019-08-24 15:03:33,"@sahamiak Li sobre isso ontem...
Ranking do saneamento

1º - Franca (SP)
2º - Cascavel (PR)
3º - Uberlândia (MG)
4º… https://t.co/lgkuJ0dyrY"
145,308,WillianValota1,2019-08-24 14:59:34,"RT @ge_timao: Técnico da Inter de Limeira, Elano inicia período de estágio com Carille no Corinthians https://t.co/eESCyHnIq6"
146,309,Salada016,2019-08-24 14:59:26,"RT @Duduux7: @Salada016 Quero nem saber kkkk ,lei da LIMEIRA CITY"
147,310,Duduux7,2019-08-24 14:56:30,"@Salada016 Quero nem saber kkkk ,lei da LIMEIRA CITY"
148,311,djcmello,2019-08-24 14:55:38,@brndasts Onde? Em limeira?
149,312,Maaviitt,2019-08-24 14:52:02,"Jéssica me ligando chamando pra ir comer no pesqueiro, maldita hora que fui inventar de vir pra limeira"
150,313,gabidetenta,2019-08-24 14:50:53,oi migos to em limeira e vou passar 10hr no salão
151,314,heliokazuo,2019-08-24 14:46:20,Fluence autel treinamento limeira
152,315,Mateus1985,2019-08-24 14:39:18,Uma boa maneira de começar o sábado é assistindo a #PremierLeagueNaESPN @LARGOESPN Limeira /sp está na audiência.
153,316,_eaipamela,2019-08-24 14:33:33,"RT @boskovani: Vários playboy pagando de bandido nessa limeira, chega a ser engraçado até"
154,317,Ginobili1910,2019-08-24 14:29:29,"RT @ge_timao: Técnico da Inter de Limeira, Elano inicia período de estágio com Carille no Corinthians https://t.co/eESCyHnIq6"
155,318,vagasempregosp,2019-08-24 14:28:32,Vendedor Externo – Limeira – SP https://t.co/SzHPPnLaId
156,319,RonildoQ,2019-08-24 14:16:45,"RT @N_Carvalheira: Pecaminosos esquemas de corrupção estão em curso nas dioceses católicas de Limeira e Piracicaba, porção mais próspera do…"
157,320,TeschSilveira,2019-08-24 14:09:22,"RT @N_Carvalheira: Pecaminosos esquemas de corrupção estão em curso nas dioceses católicas de Limeira e Piracicaba, porção mais próspera do…"
158,321,pedroibm,2019-08-24 14:07:11,"RT @N_Carvalheira: Pecaminosos esquemas de corrupção estão em curso nas dioceses católicas de Limeira e Piracicaba, porção mais próspera do…"
159,322,Dr_Luis_Antonio,2019-08-24 14:05:51,"RT @N_Carvalheira: Pecaminosos esquemas de corrupção estão em curso nas dioceses católicas de Limeira e Piracicaba, porção mais próspera do…"
160,323,N_Carvalheira,2019-08-24 14:04:47,"Pecaminosos esquemas de corrupção estão em curso nas dioceses católicas de Limeira e Piracicaba, porção mais próspe… https://t.co/2w5fsW5ZOq"
161,324,gruporioclarosp,2019-08-24 14:00:39,Homem de 38 anos é morto com tiros na cabeça nesta madrugada em Limeira https://t.co/PxMDUmQIoO https://t.co/yQbPcMs8FB
162,325,saah_limeira,2019-08-24 14:00:36,"RT @lets_getiton: 'a série tem mta coisa boa, por isso tô assistindo' 

a coisa boa:

#VisaVis https://t.co/YBiaUCWYEK"
163,326,saah_limeira,2019-08-24 13:58:57,RT @V1N1DIAS_: quando você tá precisando de carinho e alguém começa a ser legal com você https://t.co/50dvz6h5Ix
164,327,saah_limeira,2019-08-24 13:57:25,RT @jaguareffects: a mulher fingindo que cortou o dedo com a faca pra enganar os filhos KKKKKKKKKKKKKKKKKKKKKKKKKKKKKKKKKKKKKKKKKKKKKKKKKKK…
165,328,Moniqueiraa,2019-08-24 13:46:53,RT @GachetMarianna: Nossa esse cara ainda existe ??? KKKKK acho q ele é um dos machos mais escrotos de limeira since smp https://t.co/szmEl…
166,329,cleciom2011,2019-08-24 13:45:45,Bijuterias em Limeira sp https://t.co/MeXcTWRHQZ via @YouTube
167,330,cleciom2011,2019-08-24 13:45:42,Bijuterias em Limeira sp https://t.co/MeXcTX9iIx via @YouTube
168,331,JuliaPaglioni,2019-08-24 13:43:29,RT @GachetMarianna: Nossa esse cara ainda existe ??? KKKKK acho q ele é um dos machos mais escrotos de limeira since smp https://t.co/szmEl…
169,332,edmarnarrador,2019-08-24 13:43:04,"Rodada, classificação e a nova artilharia do Campeonato Amador de Limeira – Edmar Ferreira https://t.co/WLyXCvfR4P"
170,333,psoouza_,2019-08-24 13:42:11,"Eu queria levar todo mundo pra passar um fds na limeira, pra verem tanto q o povo de lá amorzinho"
171,334,Pablo46337483,2019-08-24 13:36:36,Limeira cidade que um amigo come a mina e o outro assume kkkkkkkkkkk
172,335,bruna_limeira,2019-08-24 13:33:43,@Malupbarros AH NÃO VEI KKKKK
173,336,marciatota123,2019-08-24 13:23:57,"RT @Renatinha1108: Bom dia amadas(os)!Alô galerinha do bem estamos na contagem regressiva,chegou a sua vez na sua cidade Limeira/SP dia 25/…"
174,337,Renatinha1108,2019-08-24 12:55:10,"Bom dia amadas(os)!Alô galerinha do bem estamos na contagem regressiva,chegou a sua vez na sua cidade Limeira/SP di… https://t.co/i0TN5eervF"
175,338,JornalSegunda,2019-08-24 12:44:01,"Com quatro novidades, Assisense tenta reabilitação em Limeira https://t.co/SNEUhh1ark https://t.co/do8I9aTjug"
176,339,nafrancischetti,2019-08-24 12:40:32,RT @GachetMarianna: Nossa esse cara ainda existe ??? KKKKK acho q ele é um dos machos mais escrotos de limeira since smp https://t.co/szmEl…
177,340,reporterbeto,2019-08-24 12:29:41,"Homem é morto com tiros na cabeça durante a madrugada em Limeira, SP https://t.co/ECCFBtaZb0 https://t.co/GlRh1ejsSR"
178,341,kinaMSPFC,2019-08-24 12:16:35,"@jogosspfc Eles são, pequenos (?) historiadores. Julio é medico em Santos, é o q tenho contato no face. Já tive con… https://t.co/or9v05k5bA"
179,342,LIMEIRASOCIETY,2019-08-24 12:09:19,Acabou de publicar uma foto em LIMEIRA SOCIETY https://t.co/ySA1HO3Jhs
180,343,bruna_limeira,2019-08-24 12:08:55,@Malupbarros Mentira que tu foi assaltada assim né
181,344,xandrelelhp23,2019-08-24 12:07:55,"RT @ge_timao: Técnico da Inter de Limeira, Elano inicia período de estágio com Carille no Corinthians https://t.co/eESCyH67yy"
182,345,zanoian,2019-08-24 12:05:57,"Hoje eu fiquei abismada com o tanto que Limeira não foi feita para pedestres, tal como todas as cidades, mas é que hoje foi demais"
183,346,xandrelelhp23,2019-08-24 12:04:47,"RT @ge_timao: Técnico da Inter de Limeira, Elano inicia período de estágio com Carille no Corinthians https://t.co/eESCyHnIq6"
184,347,anahelo_ana,2019-08-24 12:03:07,"@BrasilVero Em Limeira, Sp, se teve não ouvi!"
185,348,g1piracicaba,2019-08-24 11:40:28,"Com 19 casos suspeitos de sarampo, Limeira faz plantão para vacinação neste sábado https://t.co/G8Php6CyUz"
186,349,wlomartins91,2019-08-24 11:35:04,"Nessa sexta-feira (23/08) foi a reunião do Prefeitura no bairro no bairro Água da Limeira, onde ouvimos as reivindi… https://t.co/sKw888B94U"
187,350,vitcarolina_,2019-08-24 11:15:32,da série homens otrs de limeira: https://t.co/3NfdRjvvD5
188,351,gremiogaucho3,2019-08-24 10:31:53,"Hoge, as 15h00, tem Inter de Limeira x Velo Clube pela #Copapaulista"
189,352,LimeiraDia,2019-08-24 10:29:48,"Bom dia Limeira.
Ipês no sessão https://t.co/p1jFranxH7"
190,353,saah_limeira,2019-08-24 10:27:42,"RT @thdelas: começamos o ano com raiva do Arão e amando o Cuéllar, estamos terminando o ano amando o Arão e com raiva do Cuéllar. O mundo é…"
191,354,guialimeira,2019-08-24 09:33:00,Limeira é referência na Frente Parlamentar de Empreendedorismo https://t.co/2PWhdmu7Iw https://t.co/GQ51OoY3Xt
192,355,CarlosA89675687,2019-08-24 09:01:18,RT @mabragatchelo: Carille recebe a visita de Elano no CT. O ex-jogador do Santos será o técnico da Inter de Limeira em 2020 #gecorinthians…
193,356,FabiaMazza,2019-08-24 08:33:52,"RT @OlharAnimal: Polícia autua homem que colocou fogo em pit bull em Limeira (SP) e multas já somam R$ 20,5 mil https://t.co/GizNcLFEcX"
194,357,gato_coelho,2019-08-24 08:26:31,"RT @OlharAnimal: Polícia autua homem que colocou fogo em pit bull em Limeira (SP) e multas já somam R$ 20,5 mil https://t.co/GizNcLFEcX"
195,358,willyoliveira07,2019-08-24 08:25:27,"@everaldomarques Sim, Limeira sp"
196,359,AllanLazarini,2019-08-24 08:20:28,"RT @OlharAnimal: Polícia autua homem que colocou fogo em pit bull em Limeira (SP) e multas já somam R$ 20,5 mil https://t.co/GizNcLFEcX"
197,360,_fernandesdanni,2019-08-24 07:55:05,RT @GachetMarianna: Nossa esse cara ainda existe ??? KKKKK acho q ele é um dos machos mais escrotos de limeira since smp https://t.co/szmEl…
198,361,willdmeneses,2019-08-24 06:41:41,"RT @mabragatchelo: Retificando: Elano fez apenas uma visita ao CT do Corinthians. Ele não fará período de estágio, como escrevi anteriormen…"
199,362,ColellaRicardo,2019-08-24 05:46:03,@MenegucciThais Limeira 0
200,363,gabriellices,2019-08-24 05:02:56,"@pr4tesmejia ESSE MANO EH UM ESCROTO, mandou nude p mais da metade de limeira e qnd ele fez isso cmg eu tinha sei l… https://t.co/8eQXFFALnQ"
201,364,RenatinhoGDF89,2019-08-24 04:59:16,"Técnico da Inter de Limeira, Elano faz visita a Fábio Carille no Corinthians | corinthians | Globoesporte https://t.co/afk5fe9H71"
202,365,CrottGiulia,2019-08-24 04:27:24,@GachetMarianna pqp como as mina de limeira ainda não fez um mutirão pra socar esse mlk
203,366,CrottGiulia,2019-08-24 04:26:49,RT @GachetMarianna: Nossa esse cara ainda existe ??? KKKKK acho q ele é um dos machos mais escrotos de limeira since smp https://t.co/szmEl…
204,367,jzucampos,2019-08-24 04:06:37,"RT @_okinawanbaby: esse aí era filho da puta comigo e com minhas amigas desde que a gente tinha 12 anos 
e não que seja muito surpreendente…"
205,368,mthferreiraop,2019-08-24 03:59:59,"@mannpis KKKKKKKKAGYAHAUAVUAGA PERDI TUDO COM ESSA FOTO, DE INICIO EU FIQUEI ME ENCARANDO PENSANSO NOSSA TO FEIO NE… https://t.co/Mfvky8qjK9"
206,369,Kerplunk0,2019-08-24 03:54:35,RT @globoesportecom: Elano inicia período de estágio com Carille no Corinthians https://t.co/TOXTzv7C6e https://t.co/4xypZpJWiX
207,370,NBC_2169,2019-08-24 03:53:22,"Inter de Limeira vs Velo Clube &gt;&gt;&gt;&gt;&gt;&gt; https://t.co/1z8DQQhqvh
Inter de Limeira vs Velo Clube &gt;&gt;&gt;&gt;&gt;&gt; https://t.co/1z8DQQhqvh"
208,371,saah_limeira,2019-08-24 03:29:16,"RT @antoniotabet: Sobre Cuéllar, é uma boa oportunidade para o @Flamengo se impor e não ceder. Jogador que recebe em dia tem de cumprir o c…"
209,372,joao19_11,2019-08-24 03:29:13,"Vai no rodeio de Limeira? Se sim, em qual noite? — eu vou em todoss, menos dia 13 e vc? https://t.co/hiyjmaO1tV"
210,373,giuguarda,2019-08-24 02:57:41,"pessoal de Limeira que gosta de sushi, kobe sushi bar é 90$ conto rodízio individual fica a dica, muito barato aff"
211,374,xndxxlx,2019-08-24 02:52:30,RT @renatasketch: eu posando toda linda com as minhas ilustrações expostas no shopping de limeira https://t.co/dNQk3TPxrA
212,375,MafeOttani,2019-08-24 02:39:39,Americana até Limeira da 20 minutos nn custa nada saco
213,376,RodondoSonia,2019-08-24 02:36:23,@MenegucciThais Limeira. Silêncio sepulcral.
214,377,wendellstahl,2019-08-24 02:30:26,A melhor coisa de chegar em Limeira é ter jantinha preparada pela minha mãe
215,378,jvberna03,2019-08-24 02:29:14,"@Taynabovo2003 Nss dog tbm to mo com sdds,mais logo menos to em limeira dnv dog rsrsrsrs"
216,379,malu_limeira,2019-08-24 02:25:15,to mt elétrica véi oq ta acontecendo
217,380,MarcosA26537132,2019-08-24 02:15:02,RT @MarcosA26537132: @eduzolin me responda : qto tempo um juiz  do futebol ( com  pé ) brasileiro demorariam pra revisar um lance do futebo…
218,381,Mateus1985,2019-08-24 02:14:34,#MLSnaESPN Limeira/sp está de olho. Bom trabalho pra vcs
219,382,Xuxuliano1,2019-08-24 02:11:55,RT @Limeira1000Grau: Você não vai passar frio se continuar seguindo a Limeira 'MIL GRAU' https://t.co/3CybyOrzwU
220,383,mabidamasco,2019-08-24 02:11:19,"Quarto = Limeira, sintetizei toda, amo meus amigosss"
221,384,amandytttaaa,2019-08-24 01:58:48,"o povo acha incrível eu conhecer um lugar para beber la, kkk mesmo morando em Limeira"
222,385,MarcosA26537132,2019-08-24 01:57:15,RT @MarcosA26537132: @everaldomarques me reslondam uma coisa : qto os juizes do futebol ( com o pé brasileiro ) demorariam para revisar uma…
223,386,MarcosA26537132,2019-08-24 01:56:44,RT @MarcosA26537132: #NFLnaESPNme responda uma coisa : qto tempo os juizes do futebol  ( com o  pé ) brasileiro  demorariam pra revisar um…
224,387,Mateus1985,2019-08-24 01:51:50,"@pauloamigao @ESPNagora @tmantovas Limeira/Sp estará de olho, amigão. Um abraço."
225,388,lele_ferr,2019-08-24 01:46:08,@portaldaband Aqui em Limeira SP não ouvi pinicaço
226,389,victor06061976,2019-08-24 01:43:00,"RT @ge_timao: Técnico da Inter de Limeira, Elano inicia período de estágio com Carille no Corinthians https://t.co/eESCyHnIq6"
227,390,GabyMoreiraMor1,2019-08-24 01:40:20,@MenegucciThais Limeira/SP...0
228,391,FS_Madeira,2019-08-24 01:40:11,"Uma decadência olhar meus vídeos de rolê em Limeira, queria cada momento de volta."
229,392,camilinha70,2019-08-24 01:35:47,@Shoiti8 o certo é você voltar pra Limeira e tudo certo
230,393,MarcosA26537132,2019-08-24 01:35:20,@eduzolin me responda : qto tempo um juiz  do futebol ( com  pé ) brasileiro demorariam pra revisar um lance do fut… https://t.co/CkZKO3IWlA
231,394,mica_mastrelo,2019-08-24 01:26:08,Gente bonita de Campinas mds Limeira tá bem longe do padrão
232,395,__DudaN,2019-08-24 01:17:56,Alguém pra ir no centro de Limeira comigo amanhã?
233,396,KahoanOli,2019-08-24 01:15:11,@malu_limeira Não sei
234,397,MarcosA26537132,2019-08-24 01:14:48,#NFLnaESPNme responda uma coisa : qto tempo os juizes do futebol  ( com o  pé ) brasileiro  demorariam pra revisar… https://t.co/I4G7B7GJnV
235,398,woops47,2019-08-24 01:14:32,"RT @ge_timao: Técnico da Inter de Limeira, Elano inicia período de estágio com Carille no Corinthians https://t.co/eESCyHnIq6"
236,399,alexmedeiros59,2019-08-24 01:11:25,"Zé Limeira ou Mallarmé
quando o amor incendeia
pega fogo cabaré. https://t.co/PnaUSZGEyW"
237,400,MarcosA26537132,2019-08-24 01:08:14,@everaldomarques me reslondam uma coisa : qto os juizes do futebol ( com o pé brasileiro ) demorariam para revisar… https://t.co/gPPDIntHbh
238,401,imcaioandrade,2019-08-24 00:47:56,"Mano, limeira só tem gente estranha"
239,402,SEP_Wesley_SEP3,2019-08-24 00:38:31,"RT @mmurilodias: O Palmeiras perdeu por 1 x 0 o jogo-treino para a Inter de Limeira disputado na tarde de hoje.

Wellisson fez de pênalti n…"
240,403,SEP_Wesley_SEP3,2019-08-24 00:38:16,"RT @mmurilodias: O gol de pênalti da Inter de Limeira no jogo-treino.

Placar final: 
Palmeiras 0 x 1 Inter de Limeira https://t.co/dVboFog…"
241,404,jujuzzee,2019-08-24 00:33:15,"ainda não acredito que o @DivaDepressao notou Limeira, nosso pedacinho de mato, lar do ícone Cidinha Gomes"
242,405,MateusMarilia,2019-08-24 00:30:39,RT @Renatinha1108: Bom dia meu amadas(os)!Só lembrando chegou a sua vez galerinha do bem na cidade de Limeira/SP e redondeza dia 25/08 domi…
243,406,timaonews,2019-08-24 00:26:32,"Técnico da Inter de Limeira, Elano faz visita a Fábio Carille no Corinthians - https://t.co/WOdDA2cpJu… https://t.co/5aBPwPWjvz"
244,407,OlharAnimal,2019-08-24 00:24:43,"Polícia autua homem que colocou fogo em pit bull em Limeira (SP) e multas já somam R$ 20,5 mil https://t.co/GizNcLFEcX"
245,408,Carol_Magnusson,2019-08-24 00:22:12,#Sextou  #festaDoMorangoLimeira izetemoreira em Hípica De Limeira https://t.co/kM4Z5HhmMl
246,409,inesaugusto59,2019-08-24 00:19:31,Oi amigos do sportv eu pergunto: quando um atleta alcança o índice olímpico ou paralímpico quem representa o país?… https://t.co/r1F7jvkc71
247,410,fuckjuliam,2019-08-24 00:17:08,"ONDE FOI:
1- caldense
2- minha cama
3- carro kk
4- Casa do meu pai
5- Casa da minha vo
6- Limeira
7- Puc
8- casa
9-… https://t.co/FqpJdmIQPr"
248,411,try_ellen,2019-08-24 00:11:31,"aqui em Limeira o povo é gado, não rolou panelaço !"
249,412,Enyffer_,2019-08-24 00:08:01,Brota uns mano na limeira que eu fico tipo q?
250,413,CBMSC193,2019-08-24 00:07:55,"21:07 #acidente_de_trânsito local: Rua Alberto Muller, Limeira, #Brusque - queda de moto, uma vítima"
251,414,nayara_limeira,2019-08-24 00:07:49,"RT @chicogarciaa: Dólar a 4,10, imagina a hora que o Petê sair do governo."
252,415,ShockIluminao,2019-08-23 23:59:09,"Se liguem na elaboração do Golpe!
Um convite na agenda do Google!
E vc achando que manja dos paranauê!
José Carlos… https://t.co/neGe1nNyET"
253,416,nathaliatrovo,2019-08-23 23:57:35,"Gente, não tô ansiosa pra ir pra Limeira, não tô triste por ir embora de gurupi. Não tô nada. Tô vivendo o dia de hoje."
254,417,limeira_jao,2019-08-23 23:56:54,"RT @PlebeusOciosos: Foda qve ela é linda e eu apenas

Gato violeiro https://t.co/YBs7OaXWMV"
255,418,novomomento,2019-08-23 23:55:31,Conheça a rainha e princesas do rodeio de Limeira Ariane Ribeiro https://t.co/kdV0oLvBOw
256,419,malu_limeira,2019-08-23 23:50:50,queria tanto umas perguntinhas  https://t.co/MvWUn5D8HY
257,420,GRlFlNORIA,2019-08-23 23:50:15,"ifood não ta aceitando cupom
cade rappi em limeira city"
258,421,mahfavetta,2019-08-23 23:43:45,"Não sei porque eu ainda pego pra ler comentário do “rápido no ar” ou do “notícia de Limeira” sério, só passo raiva com esse povo ignorante"
259,422,moraesinGod,2019-08-23 23:42:29,"Pode isso?
O trevo da sorte dorme durante a noite e abre as suas belas folhinhas durante o dia.
Lembra a dormideira… https://t.co/JszUtvP2lY"
260,423,MilenaaBittenc1,2019-08-23 23:39:50,@pqptheus019 Não tem nada em limeira kkkkkk
261,424,malu_limeira,2019-08-23 23:23:36,@mip_paschoal deixa de ser pilantra michellee KKKKKKKKKKJ
262,425,malu_limeira,2019-08-23 23:21:41,"@_guiaugusto12 agr sim, ela deixouuuu"
263,426,malu_limeira,2019-08-23 23:21:15,"@Srgio_Souza23 mas é claroooo, se não for pra mandar o passinho eu nem vou"
264,427,LuisHenriqueMV1,2019-08-23 23:11:38,"RT @Rafa_midiasep: A TV Vai Leão, da Inter de Limeira, divulgou os melhores momentos do jogo-treino de ontem. Henrique Dourado quase fez do…"
265,428,Bassobh,2019-08-23 23:11:24,eu podia piscar e já estar em limeira
266,429,Milton_Limeira,2019-08-23 23:02:41,"RT @filgmartin: Toda vez que os comentaristas de política internacional correm, para os canais de TV e para os jornais, na tentativa de emp…"
267,430,bigarcia__,2019-08-23 23:01:32,"tenho mt sdds da epoca q a gnt estudava no sj, das nossas brigas diárias, admiro mt a mulher q vc se tornou, é mt e… https://t.co/PBu0BkxGLs"
268,431,loucosdobandoo,2019-08-23 22:46:11,"Finazzi já foi estagiário do Pep Carille, agora Elano inicia os estudos com o técnico. Bacana! 
https://t.co/7x3G4bJZXB"
269,432,CarlosA89675687,2019-08-23 22:43:46,"RT @ge_timao: Técnico da Inter de Limeira, Elano inicia período de estágio com Carille no Corinthians https://t.co/eESCyHnIq6"
270,433,Cypriano91,2019-08-23 22:42:26,RT @globoesportecom: Elano inicia período de estágio com Carille no Corinthians https://t.co/TOXTzv7C6e https://t.co/4xypZpJWiX
271,434,Srgio_Souza23,2019-08-23 22:41:37,@malu_limeira ce sabe que nois vai mandar o passinho ne
272,435,Milton_Limeira,2019-08-23 22:40:04,"RT @filgmartin: Apesar de toda a barulheira e de todos os ataques, o Brasil segue trazendo resultados concretos para os brasileiros e abrin…"
273,436,U23Ed,2019-08-23 22:38:19,@_eduziola Ziola para de respirar pelo nariz tá faltando ar aq em Limeira até
274,437,GLemos14,2019-08-23 22:34:03,@desimpedidos Inter de limeira
275,438,CarlosA89675687,2019-08-23 22:33:33,"RT @mabragatchelo: Retificando: Elano fez apenas uma visita ao CT do Corinthians. Ele não fará período de estágio, como escrevi anteriormen…"
276,439,Milton_Limeira,2019-08-23 22:32:06,"RT @jairbolsonaro: O fogo que mais arde é o da nossa soberania sobre a Amazônia. Assista, comente e COMPARTILHE. https://t.co/sCmvsS72z3"
277,440,HoraDoCoringao,2019-08-23 22:30:47,Elano faz visita ao Corinthians https://t.co/aRCrVpN1HV #Corinthians
278,441,timaonews,2019-08-23 22:29:11,"Técnico da Inter de Limeira, Elano faz visita a Fábio Carille no Corinthians - https://t.co/WOdDA2u184… https://t.co/bFpTYJsfI8"
279,442,alissonlineup,2019-08-23 22:27:24,RT @SoundBullet: Dia 30 (famosa próxima sexta) A gente continua espalhando o fantasma da SB e chega a Limeira pela primeira vez. Vai ser na…
280,443,_pqpleonan,2019-08-23 22:25:35,@mvitoriad Eu vou fazer o maior furdunço de limeira e região  e triste kkkkkkkkk
281,444,Milton_Limeira,2019-08-23 22:24:08,"RT @jairbolsonaro: - Concluímos hoje as negociações do Acordo de Livre Comércio entre MERCOSUL e EFTA (Suíça, Noruega, Islândia e Liechtens…"
282,445,paulobarbozasp,2019-08-23 22:13:49,"Olha vou dizer uma coisa , essa história das queimadas deve ser verdade , olha a migração de todas as capivaras da… https://t.co/sFuwkmZYGK"
283,446,DuDanilo,2019-08-23 22:12:25,@maiconkusterkkk @felipeneto O Jailson do independente de Limeira não postou.
284,447,novomomento,2019-08-23 22:12:07,Conheça a rainha e princesas do rodeio de Limeira https://t.co/3q6BrYaq64
285,448,justinmysupras,2019-08-23 22:07:11,"Oi Limeirenses, vamos votar e dar pra Limeira esse troféu? Grato https://t.co/McuRUNg23o"
286,449,GilvanMontalvo2,2019-08-23 22:06:56,RT @globoesportecom: Elano inicia período de estágio com Carille no Corinthians https://t.co/TOXTzv7C6e https://t.co/4xypZpJWiX
287,450,jaumcappia,2019-08-23 22:05:15,"RT @boskovani: Vários playboy pagando de bandido nessa limeira, chega a ser engraçado até"
288,451,mabragatchelo,2019-08-23 22:04:37,"Retificando: Elano fez apenas uma visita ao CT do Corinthians. Ele não fará período de estágio, como escrevi anteri… https://t.co/zxGaDfTL0K"
289,452,ThalitaPaola21,2019-08-23 22:04:01,"Semana passada levei quase todas as minhas blusas p São João, aí chego hoje em limeira e percebo que deixei todas lá, to sem blusinha"
290,453,Fellype_Limeira,2019-08-23 21:58:47,@luizasabg A arquibancada vai ficar escura assim mesmo?
291,454,andrei7_,2019-08-23 21:57:14,"@japa_02 sim, se locomover até a próxima festa nomeada de choppada, em limeira."
292,455,amandytttaaa,2019-08-23 21:50:58,porém estou aqui em Limeira indo para igreja kkk aff cara
293,456,VAiSCCP,2019-08-23 21:46:17,"#VAiSCCP | Técnico da Inter de Limeira, Elano inicia período de estágio com Carille no Corinthians -… https://t.co/b329ivT2mV"
294,457,Victorbragaanca,2019-08-23 21:44:21,"@orenatoalbani Te vi em Limeira, está precisando voltar."
295,458,Moorenaa25,2019-08-23 21:41:28,"@phbastos9 Queria muito, tu não tá mais em limeira não?"
296,459,larissa_rubim,2019-08-23 21:39:29,algum role legal em limeira hj?
297,460,ktpoprock,2019-08-23 21:39:11,"Acabou de publicar uma foto em Limeira, São Paulo, Brasil https://t.co/jEtC020lDv"
298,461,Caiofqg,2019-08-23 21:38:55,RT @globoesportecom: Elano inicia período de estágio com Carille no Corinthians https://t.co/TOXTzv7C6e https://t.co/4xypZpJWiX
299,462,baalvesr,2019-08-23 21:38:16,@mtsfariass Em Limeira é amigo
300,463,leticiasiqueirx,2019-08-23 21:29:07,@malu_limeira vocêê!!
301,464,buccijulia,2019-08-23 21:25:15,"já estou arrependida de ter voltado p limeira
quero voltar p botuca AGORA"
302,465,ingridvelloy33,2019-08-23 21:20:34,RT @globoesportecom: Elano inicia período de estágio com Carille no Corinthians https://t.co/TOXTzv7C6e https://t.co/4xypZpJWiX
303,466,ALPALimeira,2019-08-23 21:20:25,"No final da tarde foi encontrado esse gambá com o olhinho ferido. Acionamos o Dpbea Limeira e o Pelotão Ambiental,… https://t.co/fi7ASeXgKk"
304,467,_natrosa,2019-08-23 21:19:59,queria ir pra limeira comer um monster dog porque esse comercio tóxico não entrega em araras afff
305,468,EduardoBonJovi,2019-08-23 21:17:31,"Estágio com Carille, coitada da Inter de Limeira https://t.co/uq0F2uP2ku"
306,469,JuRocha98,2019-08-23 21:16:04,"20 conto na carteira como vou beber e pegar busao pra limeira depois 
putzzz"
307,470,prelecaoBR,2019-08-23 21:14:44,RT @globoesportecom: Elano inicia período de estágio com Carille no Corinthians https://t.co/TOXTzv7C6e https://t.co/4xypZpJWiX
308,471,_lhps_,2019-08-23 21:14:21,RT @globoesportecom: Elano inicia período de estágio com Carille no Corinthians https://t.co/TOXTzv7C6e https://t.co/4xypZpJWiX
309,472,jtavaresdarosa,2019-08-23 21:13:09,RT @globoesportecom: Elano inicia período de estágio com Carille no Corinthians https://t.co/TOXTzv7C6e https://t.co/4xypZpJWiX
310,473,mip_paschoal,2019-08-23 21:11:03,@malu_limeira ficar muito triste em não ter dado aquele desconto q eu pedi no alfajor
311,474,FelipeSemeao1,2019-08-23 21:10:18,RT @globoesportecom: Elano inicia período de estágio com Carille no Corinthians https://t.co/TOXTzv7C6e https://t.co/4xypZpJWiX
312,475,globoesportecom,2019-08-23 21:10:00,Elano inicia período de estágio com Carille no Corinthians https://t.co/TOXTzv7C6e https://t.co/4xypZpJWiX
313,476,OMeuLuAr,2019-08-23 21:07:08,Mas só porque amanhã vou pra limeira
314,477,zejr100,2019-08-23 21:04:57,"SARAMPO

Prefeitura de Limeira vacinará crianças de 6 meses a 1 ano em creches

Ampliar a cobertura vacinal de bebê… https://t.co/Fltk8tmUHr"
315,478,tainaranunes_,2019-08-23 21:02:51,te conheci logo q mudei p limeira e sou mt grata por isso !tivemos um programa na rádio juntas q foi a melhor época… https://t.co/H5YZjkxSvv
316,479,HoraDoCoringao,2019-08-23 21:01:11,Elano inicia estágio com Carille https://t.co/aRCrVpN1HV #Corinthians
317,480,CamaradeLimeira,2019-08-23 20:55:38,"Presidente da Câmara recebe líder do Movimento Conservador

Lançamento do grupo em Limeira será feito nesta sexta (… https://t.co/7BzamsRHKr"
318,481,anacanhedo,2019-08-23 20:42:53,"Técnico da Inter de Limeira, Elano inicia período de estágio com Carille no Corinthians | corinthians | Globoesport… https://t.co/z3GJYelIQ1"
319,482,ge_timao,2019-08-23 20:34:18,"Técnico da Inter de Limeira, Elano inicia período de estágio com Carille no Corinthians https://t.co/eESCyHnIq6"
320,483,NinoDinarelli,2019-08-23 20:33:22,"RT @ge_timao: Técnico da Inter de Limeira, Elano inicia período de estágio com Carille no Corinthians https://t.co/eESCyH67yy"
321,484,mariacf_15,2019-08-23 20:33:00,"@goularte_amanda Nossa, mas Limeira tá MT chique! Kkkkk"
322,485,paulomorais_twi,2019-08-23 20:31:36,Você apoia a renovação na política? Então conheça o programa RenovaBR. Ele já chegou em Limeira trazendo boas notíc… https://t.co/3BDQ9lyYeG
323,486,ge_timao,2019-08-23 20:30:19,"Técnico da Inter de Limeira, Elano inicia período de estágio com Carille no Corinthians https://t.co/eESCyH67yy"
324,487,lysmju_,2019-08-23 20:24:43,To em limeira faz nem meia hora já to estressada
325,488,tiagordegaspari,2019-08-23 20:23:26,"Série 'Mini-mundos' (Little Planets)

Buscando uma linguagem diferenciada na fotografia, criam-se pequenos mundos d… https://t.co/oZW5oV7bMK"
326,489,tiagordegaspari,2019-08-23 20:23:25,"Série 'Mini-mundos' (Little Planets)

Buscando uma linguagem diferenciada na fotografia, criam-se pequenos mundos d… https://t.co/uf4ds7zwcN"
327,490,malu_limeira,2019-08-23 20:20:54,@_guiaugusto12 ainda tá em análise mas eu tô ansiosa msm assim KKKKKKKKK
328,491,ggytonica,2019-08-23 20:11:44,esse ano tem @drikbarbosa no @festivalcurau em piracicaba! &lt;3 ahhhhhhhhhhh que linds ver show dessa rainha novament… https://t.co/kLrnxxqQC1
329,492,bruna_limeira,2019-08-23 20:11:08,@jooecysantos É vcc
330,493,Bia_perboni,2019-08-23 20:07:32,RT @maafcampos: limeira é mt ruim
331,494,Torcedorescom,2019-08-23 19:59:33,Confira os melhores momentos do jogo-treino entre Palmeiras e Inter de Limeira - https://t.co/2w2Pq04j5d https://t.co/SVAC77hY1u
332,495,GustavoSEP1914,2019-08-23 19:57:15,"Lances de Palmeiras 0 a 1 Inter de Limeira jogo treino
https://t.co/O9Vr0R4FXk"
333,496,ronaldwillianFN,2019-08-23 19:53:03,RT @globoesportecom: Palmeiras perde para a Inter de Limeira em jogo-treino na Academia de Futebol https://t.co/wENc4EgJUg https://t.co/q1P…
334,497,GustavoSEP1914,2019-08-23 19:52:35,Lance do Pênalti para Inter de Limeira ontem no jogo treino contra o Palmeiras https://t.co/ukJYCKUFbB
335,498,perhapssfuckoff,2019-08-23 19:50:32,vo assassinar o limeira
336,499,_guiaugusto12,2019-08-23 19:50:02,@malu_limeira dona neide deixou?
337,500,NathaliaZwing,2019-08-23 19:48:32,Alguém sabe onde vende corta vento feminino aqui em limeira city?
338,501,FlidaysW,2019-08-23 19:40:14,"@desimpedidos O Maior de todos, @ibismania.
XV de Jáu - SP
Água Santa - SP
Portuguesa - RJ
Portuguesa Santista - SP… https://t.co/Rv7PVmhGZt"
339,502,revistadonibus,2019-08-23 19:26:53,SP: CPI do Transporte é prorrogada por mais 90 dias em Limeira https://t.co/NdrQtTpGoq https://t.co/QaeD2FGTZQ
340,503,rafaarnoldi,2019-08-23 19:20:58,Quando chego em Limeira sou contaminada pelo vírus da preguiça
341,504,imcaioandrade,2019-08-23 19:17:39,Tem algum rolê hj em Limeira?
342,505,f_reginato,2019-08-23 19:17:23,"RT @New_Delia: Pecaminosos esquemas de corrupção estão em curso nas dioceses católicas de Limeira e Piracicaba, porção mais próspera do int…"
343,506,deh_sanchez,2019-08-23 19:16:51,RT @mabragatchelo: Carille recebe a visita de Elano no CT. O ex-jogador do Santos será o técnico da Inter de Limeira em 2020 #gecorinthians…
344,507,malu_limeira,2019-08-23 19:15:11,@heloisamachadoo você fica linda de qualquer jeito
345,508,New_Delia,2019-08-23 19:12:49,"Pecaminosos esquemas de corrupção estão em curso nas dioceses católicas de Limeira e Piracicaba, porção mais próspe… https://t.co/dGLpgrEGGd"
346,509,limeira_igor,2019-08-23 19:04:56,"RT @sensacionalista: Após fala de Macron, Bolsonaro proíbe venda de pão francês em todo o território nacional
https://t.co/bnrTZ1laPZ"
347,510,malu_limeira,2019-08-23 19:04:56,não tá escrito o quanto eu tô ansiosa pra amanhã
348,511,limeira_igor,2019-08-23 19:00:34,RT @victorcamejo: A única coisa boa de todo esse apocalipse é que eu vou morrer COBERTO DE RAZÃO.
349,512,ClaroFelippe,2019-08-23 18:59:26,RT @mabragatchelo: Carille recebe a visita de Elano no CT. O ex-jogador do Santos será o técnico da Inter de Limeira em 2020 #gecorinthians…
350,513,NinoDinarelli,2019-08-23 18:54:01,RT @mabragatchelo: Carille recebe a visita de Elano no CT. O ex-jogador do Santos será o técnico da Inter de Limeira em 2020 #gecorinthians…
351,514,chellydaudt,2019-08-23 18:51:44,RT @Limeira1000Grau: Aí perguntam quando foi a última vez que uma multinacional veio pra Limeira https://t.co/88xvzgTYZn
352,515,GilvanMontalvo2,2019-08-23 18:51:32,RT @mabragatchelo: Carille recebe a visita de Elano no CT. O ex-jogador do Santos será o técnico da Inter de Limeira em 2020 #gecorinthians…
353,516,mabragatchelo,2019-08-23 18:50:49,Carille recebe a visita de Elano no CT. O ex-jogador do Santos será o técnico da Inter de Limeira em 2020… https://t.co/HjaPKXQBNy
354,517,jooecysantos,2019-08-23 18:48:52,@bruna_limeira Vc é gata dimai
355,518,thaisgn,2019-08-23 18:46:18,"Não tenho palavras pra falar sobre você, é a melhor pessoa do meu mundo!! Vem logo pra Limeira, to morrendo de saudades e te amo demais!"
356,519,rafaelacsalomao,2019-08-23 18:30:57,Desespero é ter compromisso as 16:00 em Rio claro e o ônibus ainda estar entrando em Limeira
357,520,futebolinterior,2019-08-23 18:30:00,"Após fazer história com acesso na Inter de Limeira, João Vallim visa temporada de 2020

https://t.co/bKfD3rusmT"
358,521,ingridvoite,2019-08-23 18:22:54,nossa minha prima foi marcar de casar bem no dia da manifestação em limeira sinceramente
359,522,susiisoarees,2019-08-23 18:18:06,"Moonworld Van saindo de Limeira e Iracemápolis, últimos 2 lugares"
360,523,majugd_,2019-08-23 18:15:29,RT @GachetMarianna: Nossa esse cara ainda existe ??? KKKKK acho q ele é um dos machos mais escrotos de limeira since smp https://t.co/szmEl…
361,524,liviapinke,2019-08-23 18:04:23,RT @maafcampos: limeira é mt ruim
362,525,jornalfolha,2019-08-23 18:01:45,Secretaria de Educação de Rosário da Limeira divulga edital para contratação temporária de professor… https://t.co/pKPzkoJLhW
363,526,ticket_facil,2019-08-23 18:00:33,"Nesta montagem mostramos a clássica história dos três porquinhos, que viviam felizes brincando pela floresta, até q… https://t.co/oNdzxb5tyc"
364,527,spidergui,2019-08-23 17:58:44,"E hj, em limeira city ou região, o que fazer p afogar as mazelas??"
365,528,maafcampos,2019-08-23 17:55:48,limeira é mt ruim
366,529,JosiasClara,2019-08-23 17:55:02,um olho no rodeio de Barretos e outro no de Limeira
367,530,jornalfolha,2019-08-23 17:52:33,Secretaria de Obras inicia construção de rede pluvial e de esgoto na Rua Evaristo Benini em Rosário da Limeira… https://t.co/uNefvswajL
368,531,marcela_limeira,2019-08-23 17:41:10,Amo mto minha mãe. Ela me ensina lições valiosas todos os dias.
369,532,ritaresende49,2019-08-23 17:31:47,"@Gottino sou sua fã, manda um beijo pra mim. Sou de Limeira SP https://t.co/ovx0RQicf3"
370,533,sanobrain,2019-08-23 17:29:06,limeira tem uma quantidade enorme de homem que manda foto do pinto pras pessoas do nada né? só dos meus 13 aos 16 eu já consigo mencionar 3
371,534,umamulhergrande,2019-08-23 17:26:43,RT @Kethyferreira__: A mulher mais estressada de Limeira boa tarde
372,535,burgercadu,2019-08-23 17:21:01,Ariana grande mais fofa e dorminhoca de limeira rs
373,536,SrgioBarbosade3,2019-08-23 17:20:59,"RT @TerraNoticiasBR: Os esquemas de corrupção nas dioceses de Limeira Piracicaba:
https://t.co/zDjMZARGMx. #TerraNoticias https://t.co/9RQd…"
374,537,QuirinoSofia,2019-08-23 17:19:55,RT @GachetMarianna: Nossa esse cara ainda existe ??? KKKKK acho q ele é um dos machos mais escrotos de limeira since smp https://t.co/szmEl…
375,538,bruno21321,2019-08-23 17:19:06,"#foxsportsradio fala pro pipinho respeita o Palmeiras, não é pq o time perdeu pro limeira,que vai ser eliminado pelo Grêmio"
376,539,mariacf_15,2019-08-23 17:15:55,"@goularte_amanda To indo pra Limeira mais tarde, queroooooooo kkkk"
377,540,cmilavieira_,2019-08-23 17:14:55,@helotintori ontem vi o vídeo de quando cantei o hino de limeira até hoje n acredito kkkkkkkmm
378,541,pqptheus019,2019-08-23 17:12:34,Quero ir p limeira p sair slc
379,542,LauraQuirino11,2019-08-23 17:08:20,RT @GachetMarianna: Nossa esse cara ainda existe ??? KKKKK acho q ele é um dos machos mais escrotos de limeira since smp https://t.co/szmEl…
380,543,liviavanin,2019-08-23 17:08:06,"RT @_okinawanbaby: esse aí era filho da puta comigo e com minhas amigas desde que a gente tinha 12 anos 
e não que seja muito surpreendente…"
381,544,patacaa,2019-08-23 17:08:04,Estou em Limeira com a minha mãe por motivos de???
382,545,LaviniaGrigorio,2019-08-23 17:07:26,RT @GachetMarianna: Nossa esse cara ainda existe ??? KKKKK acho q ele é um dos machos mais escrotos de limeira since smp https://t.co/szmEl…
383,546,_okinawanbaby,2019-08-23 17:06:10,"esse aí era filho da puta comigo e com minhas amigas desde que a gente tinha 12 anos 
e não que seja muito surpreen… https://t.co/sPmmtNFIvz"
384,547,maarciopinheiro,2019-08-23 17:01:34,"essas meninas novas 'digital influencer' de limeira, falando mole mano, é estressante tnc kkkkk"
385,548,jaridarraes,2019-08-23 16:57:06,"RT @_dsgrc: No Leia Mulheres Limeira desse mês vamos trocar uma ideia sobre o livro de contos Redemoinho em dia quente, de @jaridarraes.  E…"
386,549,kodaysh,2019-08-23 16:45:35,"RT @pmesqta: Limeira, 460 conversas arquivadas por dia, e eu não tô exagerando https://t.co/mnfEITpvVG"
387,550,VieiraVictor,2019-08-23 16:44:30,"RT @Rafa_midiasep: A TV Vai Leão, da Inter de Limeira, divulgou os melhores momentos do jogo-treino de ontem. Henrique Dourado quase fez do…"
388,551,Corotelove,2019-08-23 16:43:38,"RT @pmesqta: Limeira, 460 conversas arquivadas por dia, e eu não tô exagerando https://t.co/mnfEITpvVG"
389,552,SiteLinkGP,2019-08-23 16:40:32,"Oi, ela(e) se chama Juliana Reis e atende em , Limeira - SP. Vêm olhar o anúncio/perfil no LinkGP e conferir suas n… https://t.co/Fx6EZFHxxt"
390,553,ComentPalmeiras,2019-08-23 16:39:19,"RT @Rafa_midiasep: A TV Vai Leão, da Inter de Limeira, divulgou os melhores momentos do jogo-treino de ontem. Henrique Dourado quase fez do…"
391,554,Kethyferreira__,2019-08-23 16:35:56,A mulher mais estressada de Limeira boa tarde
392,555,pedroleo34,2019-08-23 16:35:34,"RT @Rafa_midiasep: A TV Vai Leão, da Inter de Limeira, divulgou os melhores momentos do jogo-treino de ontem. Henrique Dourado quase fez do…"
393,556,Leeh_mah,2019-08-23 16:35:25,"Não quero mais morar em Limeira ossa toma no cu, tem porra nenhuma nessa cidade"
394,557,pmesqta,2019-08-23 16:32:11,"Limeira, 460 conversas arquivadas por dia, e eu não tô exagerando https://t.co/mnfEITpvVG"
395,558,andersonsep14,2019-08-23 16:29:04,"RT @Rafa_midiasep: A TV Vai Leão, da Inter de Limeira, divulgou os melhores momentos do jogo-treino de ontem. Henrique Dourado quase fez do…"
396,559,avcnarrador,2019-08-23 16:26:40,"RT @Rafa_midiasep: A TV Vai Leão, da Inter de Limeira, divulgou os melhores momentos do jogo-treino de ontem. Henrique Dourado quase fez do…"
397,560,viniciusff09,2019-08-23 16:26:09,"RT @Rafa_midiasep: A TV Vai Leão, da Inter de Limeira, divulgou os melhores momentos do jogo-treino de ontem. Henrique Dourado quase fez do…"
398,561,ChampionS_Green,2019-08-23 16:24:54,"RT @Rafa_midiasep: A TV Vai Leão, da Inter de Limeira, divulgou os melhores momentos do jogo-treino de ontem. Henrique Dourado quase fez do…"
399,562,diario1914,2019-08-23 16:24:51,"RT @Rafa_midiasep: A TV Vai Leão, da Inter de Limeira, divulgou os melhores momentos do jogo-treino de ontem. Henrique Dourado quase fez do…"
400,563,Rafa_midiasep,2019-08-23 16:24:26,"A TV Vai Leão, da Inter de Limeira, divulgou os melhores momentos do jogo-treino de ontem. Henrique Dourado quase f… https://t.co/AMvh08RXYt"
401,564,lopesana91,2019-08-23 16:23:24,RT @MaayMendess1: Eu fico passada com a vergonha que esse povo de limeira gosta de passa
402,565,Bortolan,2019-08-23 16:21:17,"Ariane Ribeiro, de 25 anos, é eleita a rainha do Rodeio de Limeira https://t.co/dokIOr0m6m"
403,566,g1piracicaba,2019-08-23 16:18:27,Câmara de Limeira prorroga prazo de CPI do transporte público em 90 dias https://t.co/WrVJ87R4zI
404,567,alecarvalho1963,2019-08-23 16:11:23,"@gabrieIIeIemos Pois é, minha filha tbm se chama Gabrielle, mora em Limeira, tem duas meninas gêmeas, de dez anos,… https://t.co/LAWouniGj5"
405,568,celsoocolorado,2019-08-23 16:11:23,"Com reservas, Palmeiras perde jogo-treino para a Inter de Limeira https://t.co/0Q62vn1OHK via @UOLEsporte @UOL"
406,569,yasribeiro,2019-08-23 16:10:56,@leticiaduartevs Achei q era “to voltando pra Limeira”
407,570,vagasempregosp,2019-08-23 16:10:39,Vendedor Externo – Limeira – SP https://t.co/kJTlp1evGM
408,571,boskovani,2019-08-23 16:08:31,"Vários playboy pagando de bandido nessa limeira, chega a ser engraçado até"
409,572,Bortolan,2019-08-23 16:04:32,"Triste. Quanto mais mexe, mais fede.
Até o ‘Chambinho’, petista delator da ‘Narizinho’, presidente do PT, tá no esq… https://t.co/uSdYlYwgSO"
410,573,cbncampinas,2019-08-23 16:04:02,"Três são presos e 450 mil cigarros clandestinos são apreendidos, em Limeira
https://t.co/WMuR8ziCN6 https://t.co/6gAiRGx2Zy"
411,574,robertbritan,2019-08-23 16:02:51,Eu volto pra Limeira e minha saúde só piora
412,575,__rachaa__,2019-08-23 15:55:07,RT @Limeira1000Grau: Você não vai passar frio se continuar seguindo a Limeira 'MIL GRAU' https://t.co/3CybyOrzwU
413,576,evelizinharodri,2019-08-23 15:51:56,@Fellype_Limeira menos mal kkkkk
414,577,quiteisviolence,2019-08-23 15:49:46,muito bom hoje minha crush vai faltar e vai pra limeira com algumas pessoas e o crush delakkkk azarada
415,578,Fellype_Limeira,2019-08-23 15:48:32,@evelizinharodri Ela ficou bem kkkkk eu tava com tanto sono q eu não conseguir bater direito só assustei pra ela ir embora
416,579,MaayMendess1,2019-08-23 15:47:43,Eu fico passada com a vergonha que esse povo de limeira gosta de passa
417,580,alefjust,2019-08-23 15:42:01,RT @globoesportecom: Palmeiras perde para a Inter de Limeira em jogo-treino na Academia de Futebol https://t.co/wENc4EgJUg https://t.co/q1P…
418,581,Milton_Limeira,2019-08-23 15:41:17,"RT @BlogDoPim: Palocci entregou esquema internacional de Lula no BNDES: corrupto visitava presidentes aliados, depois empreiteiros iam lá e…"
419,582,novomomento,2019-08-23 15:32:21,Conheça a rainha e princesas do rodeio de Limeira https://t.co/cnxq5T56IU
420,583,carolin99875950,2019-08-23 15:22:13,RT @Renatinha1108: Bom dia meu amadas(os)!Só lembrando chegou a sua vez galerinha do bem na cidade de Limeira/SP e redondeza dia 25/08 domi…
421,584,danielcastro76,2019-08-23 15:21:53,RT @globoesportecom: Palmeiras perde para a Inter de Limeira em jogo-treino na Academia de Futebol https://t.co/wENc4EgJUg https://t.co/q1P…
422,585,podimpudd,2019-08-23 15:14:09,"@ancapepe Então minha cidade é a capital da laranja lima, moro em Limeira rsrs."
423,586,assantana,2019-08-23 15:04:00,"RT @TerraNoticiasBR: Os esquemas de corrupção nas dioceses de Limeira Piracicaba:
https://t.co/zDjMZARGMx. #TerraNoticias https://t.co/9RQd…"
424,587,CamaradeLimeira,2019-08-23 15:02:33,"Dr. Marcelo Rossi pede posto de vacinação móvel no Rubi
Moradores relatam dificuldade para tomar vacinas contra o s… https://t.co/lX0FE5LWQS"
425,588,maralecarai,2019-08-23 15:01:00,"Seloco meus pais voltando da facul ontem quase q morrem 
Deus é mais naquela pistinha de Limeira pra Cordeiro"
426,589,FabianaIzidoro4,2019-08-23 14:55:35,"e eu com o pessoal de Limeira, pqp https://t.co/DjedPe36Gz"
427,590,LucasVaqueiro20,2019-08-23 14:53:44,"RT @TerraNoticiasBR: Os esquemas de corrupção nas dioceses de Limeira Piracicaba:
https://t.co/zDjMZARGMx. #TerraNoticias https://t.co/9RQd…"
428,591,helamor,2019-08-23 14:51:54,"Minha amiguinha, #ladybug, a espreita pra caçar meus #pulgões... na #limeira #harmoniaaxyridis #joaninha 
De olho n… https://t.co/QzFpcwAyQb"
429,592,JMMJOOZ,2019-08-23 14:50:04,"RT @TerraNoticiasBR: Os esquemas de corrupção nas dioceses de Limeira Piracicaba:
https://t.co/zDjMZARGMx. #TerraNoticias https://t.co/9RQd…"
430,593,GilbertoFerra21,2019-08-23 14:48:55,"RT @TerraNoticiasBR: Os esquemas de corrupção nas dioceses de Limeira Piracicaba:
https://t.co/zDjMZARGMx. #TerraNoticias https://t.co/9RQd…"
431,594,TerraNoticiasBR,2019-08-23 14:45:00,"Os esquemas de corrupção nas dioceses de Limeira Piracicaba:
https://t.co/zDjMZARGMx. #TerraNoticias https://t.co/9RQdOjqofE"
432,595,victoriaadpaula,2019-08-23 14:37:42,Cheguei em Limeira e trouxe o sol pra vcs beijos
433,596,cbncampinas,2019-08-23 14:35:54,Homem que queimou pitbull em Limeira é multado pela Polícia Ambiental https://t.co/VegiikOHII https://t.co/pGzlySnwiI
434,597,RaaulNeto,2019-08-23 14:17:56,"Os caras conseguiram perder pra Inter de Limeira...ai olha o time e tem Carlo2 3duasno, Thiago Santos, Lucas Lima,… https://t.co/iFqnh9qdGi"
435,598,AmandaMontemor_,2019-08-23 14:08:31,"RT @christiaanfranc: Namorar em Limeira é ter todo mundo gorando e se intrometendo pra q o bagulho nunca de certo, cidadezinha lazarenta"
436,599,Conceio16409620,2019-08-23 14:06:55,RT @Renatinha1108: Bom dia meu amadas(os)!Só lembrando chegou a sua vez galerinha do bem na cidade de Limeira/SP e redondeza dia 25/08 domi…
437,600,kaka_ret,2019-08-23 14:04:01,RT @globoesportecom: Palmeiras perde para a Inter de Limeira em jogo-treino na Academia de Futebol https://t.co/wENc4EgJUg https://t.co/q1P…
438,601,verdazzo,2019-08-23 13:53:27,"Reservas perdem jogo-treino para a Inter de Limeira na Academia de Futebol
https://t.co/sNtkPJOHbZ https://t.co/gsv7okWKEG"
